{
	"version": 1,
	"changelists": [
		{
			"guid": "00000000000000000000000000000000",
			"description": "Default Uncontrolled Changelist",
			"files": [
				"C:/_College/Sem 5/G_prog/Asg/ASG1/Content/sprite/sprites.uasset",
				"C:/_College/Sem 5/G_prog/Asg/ASG1/Content/map/endlesslevel.umap",
				"C:/_College/Sem 5/G_prog/Asg/ASG1/Content/sprite/warriorrun.uasset",
				"C:/_College/Sem 5/G_prog/Asg/ASG1/Content/sprite/warriorjump.uasset",
				"C:/_College/Sem 5/G_prog/Asg/ASG1/Content/blueprints/endlessrunnergamemode.uasset",
				"C:/_College/Sem 5/G_prog/Asg/ASG1/Content/blueprints/Hero_BP.uasset",
				"C:/_College/Sem 5/G_prog/Asg/ASG1/Content/Other_sprites/Diamond.uasset",
				"C:/_College/Sem 5/G_prog/Asg/ASG1/Content/Other_sprites/EnergyPack.uasset",
				"C:/_College/Sem 5/G_prog/Asg/ASG1/Content/Other_sprites/GlassShards.uasset",
				"C:/_College/Sem 5/G_prog/Asg/ASG1/Content/sprite/sprites_Sprite_0.uasset",
				"C:/_College/Sem 5/G_prog/Asg/ASG1/Content/sprite/sprites_Sprite_1.uasset",
				"C:/_College/Sem 5/G_prog/Asg/ASG1/Content/sprite/sprites_Sprite_2.uasset",
				"C:/_College/Sem 5/G_prog/Asg/ASG1/Content/sprite/sprites_Sprite_3.uasset",
				"C:/_College/Sem 5/G_prog/Asg/ASG1/Content/sprite/sprites_Sprite_4.uasset",
				"C:/_College/Sem 5/G_prog/Asg/ASG1/Content/sprite/sprites_Sprite_5.uasset",
				"C:/_College/Sem 5/G_prog/Asg/ASG1/Content/sprite/sprites_Sprite_6.uasset",
				"C:/_College/Sem 5/G_prog/Asg/ASG1/Content/sprite/sprites_Sprite_7.uasset",
				"C:/_College/Sem 5/G_prog/Asg/ASG1/Content/sprite/sprites_Sprite_8.uasset",
				"C:/_College/Sem 5/G_prog/Asg/ASG1/Content/sprite/sprites_Sprite_9.uasset",
				"C:/_College/Sem 5/G_prog/Asg/ASG1/Content/sprite/sprites_Sprite_10.uasset",
				"C:/_College/Sem 5/G_prog/Asg/ASG1/Content/sprite/sprites_Sprite_11.uasset",
				"C:/_College/Sem 5/G_prog/Asg/ASG1/Content/sprite/sprites_Sprite_12.uasset",
				"C:/_College/Sem 5/G_prog/Asg/ASG1/Content/sprite/sprites_Sprite_13.uasset",
				"C:/_College/Sem 5/G_prog/Asg/ASG1/Content/sprite/sprites_Sprite_14.uasset",
				"C:/_College/Sem 5/G_prog/Asg/ASG1/Content/sprite/sprites_Sprite_15.uasset",
				"C:/_College/Sem 5/G_prog/Asg/ASG1/Content/sprite/sprites_Sprite_16.uasset",
				"C:/_College/Sem 5/G_prog/Asg/ASG1/Content/sprite/sprites_Sprite_17.uasset",
				"C:/_College/Sem 5/G_prog/Asg/ASG1/Content/sprite/sprites_Sprite_18.uasset",
				"C:/_College/Sem 5/G_prog/Asg/ASG1/Content/sprite/sprites_Sprite_19.uasset",
				"C:/_College/Sem 5/G_prog/Asg/ASG1/Content/sprite/sprites_Sprite_20.uasset",
				"C:/_College/Sem 5/G_prog/Asg/ASG1/Content/sprite/sprites_Sprite_21.uasset",
				"C:/_College/Sem 5/G_prog/Asg/ASG1/Content/sprite/sprites_Sprite_22.uasset",
				"C:/_College/Sem 5/G_prog/Asg/ASG1/Content/sprite/sprites_Sprite_23.uasset",
				"C:/_College/Sem 5/G_prog/Asg/ASG1/Content/sprite/sprites_Sprite_24.uasset",
				"C:/_College/Sem 5/G_prog/Asg/ASG1/Content/sprite/sprites_Sprite_25.uasset",
				"C:/_College/Sem 5/G_prog/Asg/ASG1/Content/sprite/sprites_Sprite_26.uasset",
				"C:/_College/Sem 5/G_prog/Asg/ASG1/Content/sprite/sprites_Sprite_27.uasset",
				"C:/_College/Sem 5/G_prog/Asg/ASG1/Content/sprite/sprites_Sprite_28.uasset",
				"C:/_College/Sem 5/G_prog/Asg/ASG1/Content/sprite/sprites_Sprite_29.uasset",
				"C:/_College/Sem 5/G_prog/Asg/ASG1/Content/sprite/sprites_Sprite_30.uasset",
				"C:/_College/Sem 5/G_prog/Asg/ASG1/Content/sprite/sprites_Sprite_31.uasset",
				"C:/_College/Sem 5/G_prog/Asg/ASG1/Content/sprite/sprites_Sprite_32.uasset",
				"C:/_College/Sem 5/G_prog/Asg/ASG1/Content/sprite/sprites_Sprite_33.uasset",
				"C:/_College/Sem 5/G_prog/Asg/ASG1/Content/sprite/sprites_Sprite_34.uasset",
				"C:/_College/Sem 5/G_prog/Asg/ASG1/Content/sprite/sprites_Sprite_35.uasset",
				"C:/_College/Sem 5/G_prog/Asg/ASG1/Content/sprite/sprites_Sprite_36.uasset",
				"C:/_College/Sem 5/G_prog/Asg/ASG1/Content/sprite/sprites_Sprite_37.uasset",
				"C:/_College/Sem 5/G_prog/Asg/ASG1/Content/sprite/sprites_Sprite_38.uasset",
				"C:/_College/Sem 5/G_prog/Asg/ASG1/Content/sprite/sprites_Sprite_39.uasset",
				"C:/_College/Sem 5/G_prog/Asg/ASG1/Content/sprite/sprites_Sprite_40.uasset",
				"C:/_College/Sem 5/G_prog/Asg/ASG1/Content/sprite/sprites_Sprite_41.uasset",
				"C:/_College/Sem 5/G_prog/Asg/ASG1/Content/sprite/sprites_Sprite_42.uasset",
				"C:/_College/Sem 5/G_prog/Asg/ASG1/Content/sprite/sprites_Sprite_43.uasset",
				"C:/_College/Sem 5/G_prog/Asg/ASG1/Content/sprite/sprites_Sprite_44.uasset",
				"C:/_College/Sem 5/G_prog/Asg/ASG1/Content/sprite/sprites_Sprite_45.uasset",
				"C:/_College/Sem 5/G_prog/Asg/ASG1/Content/sprite/sprites_Sprite_46.uasset",
				"C:/_College/Sem 5/G_prog/Asg/ASG1/Content/sprite/sprites_Sprite_47.uasset",
				"C:/_College/Sem 5/G_prog/Asg/ASG1/Content/sprite/sprites_Sprite_48.uasset",
				"C:/_College/Sem 5/G_prog/Asg/ASG1/Content/sprite/sprites_Sprite_49.uasset",
				"C:/_College/Sem 5/G_prog/Asg/ASG1/Content/sprite/sprites_Sprite_50.uasset",
				"C:/_College/Sem 5/G_prog/Asg/ASG1/Content/sprite/sprites_Sprite_51.uasset",
				"C:/_College/Sem 5/G_prog/Asg/ASG1/Content/sprite/sprites_Sprite_52.uasset",
				"C:/_College/Sem 5/G_prog/Asg/ASG1/Content/sprite/sprites_Sprite_53.uasset",
				"C:/_College/Sem 5/G_prog/Asg/ASG1/Content/sprite/sprites_Sprite_54.uasset",
				"C:/_College/Sem 5/G_prog/Asg/ASG1/Content/sprite/sprites_Sprite_55.uasset",
				"C:/_College/Sem 5/G_prog/Asg/ASG1/Content/sprite/sprites_Sprite_56.uasset",
				"C:/_College/Sem 5/G_prog/Asg/ASG1/Content/sprite/sprites_Sprite_57.uasset",
				"C:/_College/Sem 5/G_prog/Asg/ASG1/Content/sprite/sprites_Sprite_58.uasset",
				"C:/_College/Sem 5/G_prog/Asg/ASG1/Content/sprite/sprites_Sprite_59.uasset",
				"C:/_College/Sem 5/G_prog/Asg/ASG1/Content/sprite/sprites_Sprite_60.uasset",
				"C:/_College/Sem 5/G_prog/Asg/ASG1/Content/sprite/sprites_Sprite_61.uasset",
				"C:/_College/Sem 5/G_prog/Asg/ASG1/Content/sprite/sprites_Sprite_62.uasset",
				"C:/_College/Sem 5/G_prog/Asg/ASG1/Content/sprite/sprites_Sprite_63.uasset",
				"C:/_College/Sem 5/G_prog/Asg/ASG1/Content/sprite/sprites_Sprite_64.uasset",
				"C:/_College/Sem 5/G_prog/Asg/ASG1/Content/sprite/sprites_Sprite_65.uasset",
				"C:/_College/Sem 5/G_prog/Asg/ASG1/Content/sprite/sprites_Sprite_66.uasset",
				"C:/_College/Sem 5/G_prog/Asg/ASG1/Content/sprite/sprites_Sprite_67.uasset",
				"C:/_College/Sem 5/G_prog/Asg/ASG1/Content/sprite/sprites_Sprite_68.uasset",
				"C:/_College/Sem 5/G_prog/Asg/ASG1/Content/sprite/sprites_Sprite_69.uasset",
				"C:/_College/Sem 5/G_prog/Asg/ASG1/Content/sprite/sprites_Sprite_70.uasset",
				"C:/_College/Sem 5/G_prog/Asg/ASG1/Content/Level/city.uasset",
				"C:/_College/Sem 5/G_prog/Asg/ASG1/Content/Level/city_Mat.uasset",
				"C:/_College/Sem 5/G_prog/Asg/ASG1/Content/Level/road.uasset",
				"C:/_College/Sem 5/G_prog/Asg/ASG1/Content/Level/road_Mat.uasset",
				"C:/_College/Sem 5/G_prog/Asg/ASG1/Content/blueprints/Score_WB.uasset",
				"C:/_College/Sem 5/G_prog/Asg/ASG1/Content/sprite/warriorduck.uasset",
				"C:/_College/Sem 5/G_prog/Asg/ASG1/Content/blueprints/Fireball_BP.uasset",
				"C:/_College/Sem 5/G_prog/Asg/ASG1/Content/blueprints/Gamerover_WB.uasset",
				"C:/_College/Sem 5/G_prog/Asg/ASG1/Content/sprite/sprites_Sprite_71.uasset",
				"C:/_College/Sem 5/G_prog/Asg/ASG1/Content/sprite/sprites_Sprite_72.uasset",
				"C:/_College/Sem 5/G_prog/Asg/ASG1/Content/sprite/sprites_Sprite_73.uasset",
				"C:/_College/Sem 5/G_prog/Asg/ASG1/Content/sprite/sprites_Sprite_74.uasset",
				"C:/_College/Sem 5/G_prog/Asg/ASG1/Content/sprite/sprites_Sprite_75.uasset",
				"C:/_College/Sem 5/G_prog/Asg/ASG1/Content/sprite/sprites_Sprite_76.uasset",
				"C:/_College/Sem 5/G_prog/Asg/ASG1/Content/sprite/sprites_Sprite_77.uasset",
				"C:/_College/Sem 5/G_prog/Asg/ASG1/Content/sprite/sprites_Sprite_78.uasset",
				"C:/_College/Sem 5/G_prog/Asg/ASG1/Content/sprite/sprites_Sprite_79.uasset",
				"C:/_College/Sem 5/G_prog/Asg/ASG1/Content/sprite/sprites_Sprite_80.uasset",
				"C:/_College/Sem 5/G_prog/Asg/ASG1/Content/sprite/sprites_Sprite_81.uasset",
				"C:/_College/Sem 5/G_prog/Asg/ASG1/Content/Other_sprites/fireball_sheet.uasset",
				"C:/_College/Sem 5/G_prog/Asg/ASG1/Content/Other_sprites/fireball_sheet_Sprite_0.uasset",
				"C:/_College/Sem 5/G_prog/Asg/ASG1/Content/Other_sprites/fireball_sheet_Sprite_1.uasset",
				"C:/_College/Sem 5/G_prog/Asg/ASG1/Content/Other_sprites/fireball_sheet_Sprite_2.uasset",
				"C:/_College/Sem 5/G_prog/Asg/ASG1/Content/Other_sprites/fireball_sheet_Sprite_3.uasset",
				"C:/_College/Sem 5/G_prog/Asg/ASG1/Content/Other_sprites/fireball_sheet_Sprite_4.uasset",
				"C:/_College/Sem 5/G_prog/Asg/ASG1/Content/Other_sprites/fireball_sheet_Sprite_5.uasset",
				"C:/_College/Sem 5/G_prog/Asg/ASG1/Content/Other_sprites/fireball_sheet_Sprite_6.uasset",
				"C:/_College/Sem 5/G_prog/Asg/ASG1/Content/Other_sprites/fireball_sheet_Sprite_7.uasset",
				"C:/_College/Sem 5/G_prog/Asg/ASG1/Content/Other_sprites/fireball_sheet_Sprite_8.uasset",
				"C:/_College/Sem 5/G_prog/Asg/ASG1/Content/Other_sprites/fireball_sheet_Sprite_9.uasset",
				"C:/_College/Sem 5/G_prog/Asg/ASG1/Content/blueprints/Fireballswapper_BP.uasset",
				"C:/_College/Sem 5/G_prog/Asg/ASG1/Content/sounds/Final_Epic_Battle_Cue.uasset",
				"C:/_College/Sem 5/G_prog/Asg/ASG1/Content/sounds/Final_Epic_Battle.uasset",
				"C:/_College/Sem 5/G_prog/Asg/ASG1/Content/blueprints/NewBlueprint.uasset",
				"C:/_College/Sem 5/G_prog/Asg/ASG1/Content/Other_sprites/RockShards.uasset",
				"C:/_College/Sem 5/G_prog/Asg/ASG1/Content/blueprints/Score.uasset"
			]
		}
	]
}